,Date,Close,RSI,MACD,Signal,MACD_Diff
0,2016-01-04,201.02000427246094,,,,
1,2016-01-05,201.36000061035156,,,,
2,2016-01-06,198.82000732421875,,,,
3,2016-01-07,194.0500030517578,,,,
4,2016-01-08,191.9199981689453,,,,
5,2016-01-11,192.11000061035156,,,,
6,2016-01-12,193.66000366210938,,,,
7,2016-01-13,188.8300018310547,,,,
8,2016-01-14,191.92999267578125,,,,
9,2016-01-15,187.80999755859375,,,,
10,2016-01-19,188.05999755859375,,,,
11,2016-01-20,185.64999389648438,,,,
12,2016-01-21,186.69000244140625,,,,
13,2016-01-22,190.52000427246094,39.48081768584055,,,
14,2016-01-25,187.63999938964844,34.406796297041964,,,
15,2016-01-26,190.1999969482422,41.592448102747404,,,
16,2016-01-27,188.1300048828125,37.970307893894834,,,
17,2016-01-28,189.11000061035156,40.60738835895489,,,
18,2016-01-29,193.72000122070312,51.132074293871256,,,
19,2016-02-01,193.64999389648438,50.98431985685399,,,
20,2016-02-02,190.16000366210938,44.137071902437526,,,
21,2016-02-03,191.3000030517578,46.657187295837495,,,
22,2016-02-04,191.60000610351562,47.33056866719116,,,
23,2016-02-05,187.9499969482422,40.61311802868858,,,
24,2016-02-08,185.4199981689453,36.72260168057974,,,
25,2016-02-09,185.42999267578125,36.74837903318226,-2.2130281959776426,,
26,2016-02-10,185.27000427246094,36.492107444819474,-2.355250770579687,,
27,2016-02-11,182.86000061035156,32.78334191084339,-2.6320892534067752,,
28,2016-02-12,186.6300048828125,42.609413418770046,-2.5182490999450238,,
29,2016-02-16,189.77999877929688,49.28096080735193,-2.149078536687682,,
30,2016-02-17,192.8800048828125,54.84430537471297,-1.588057482724821,,
31,2016-02-18,192.08999633789062,53.241541713911865,-1.1934341764203396,,
32,2016-02-19,192.0,53.05134104252261,-0.8778351779061779,,
33,2016-02-22,194.77999877929688,58.03812711227164,-0.39880090120152545,-1.484747135167111,1.0859462339655856
34,2016-02-23,192.32000732421875,52.70342624393855,-0.21518304092688822,-1.2308343163190667,1.0156512753921785
35,2016-02-24,193.1999969482422,54.32092019703378,0.0013279368847634032,-0.9844018656783007,0.9857298025630641
36,2016-02-25,195.5399932861328,58.39543824900385,0.35761028620555635,-0.7159994353015293,1.0736097215070857
37,2016-02-26,195.08999633789062,57.336264116127055,0.5967763556289754,-0.4534442771154284,1.0502206327444037
38,2016-02-29,193.55999755859375,53.76552181780531,0.6553051244284518,-0.2316943968066524,0.8869995212351042
39,2016-03-01,198.11000061035156,61.45360643176536,1.0566563391616626,0.025975750387010582,1.030680588774652
40,2016-03-02,199.0,62.75811388863264,1.4300607311990916,0.30679274654942684,1.1232679846496647
41,2016-03-03,199.77999877929688,63.91084605739821,1.7685391662583925,0.5991420304912201,1.1693971357671724
42,2016-03-04,200.42999267578125,64.8862270340359,2.0654258958248874,0.8923988035579535,1.173027092266934
43,2016-03-07,200.58999633789062,65.1360198097621,2.2872556667267077,1.1713701761917044,1.1158854905350033
44,2016-03-08,198.39999389648438,58.95419812837593,2.2602872791817674,1.389153596789717,0.8711336823920504
45,2016-03-09,199.3800048828125,60.7493972036927,2.2915774556080066,1.569638368553375,0.7219390870546316
46,2016-03-10,199.5399932861328,61.048903394467494,2.3027403159719313,1.7162587580370865,0.5864815579348448
47,2016-03-11,202.75999450683594,66.576797866885,2.5421102861026554,1.8814290636502005,0.660681222452455
48,2016-03-14,202.5,65.76522192579864,2.6799406406614423,2.041131379052449,0.6388092616089933
49,2016-03-15,202.1699981689453,64.6873614218694,2.731061819212698,2.179117467084499,0.5519443521281993
50,2016-03-16,203.33999633789062,66.76700660917834,2.8333240002816638,2.309958773723932,0.5233652265577318
51,2016-03-17,204.6300048828125,68.93903785518043,2.9840620146709966,2.444779421913345,0.5392825927576514
52,2016-03-18,204.3800048828125,68.01133264211302,3.0482121739256343,2.565465972315803,0.48274620160983117
53,2016-03-21,204.6699981689453,68.54018394201998,3.0868681770909916,2.6697464132708406,0.417121763820151
54,2016-03-22,204.55999755859375,68.08040256313252,3.0732012570689733,2.7504373820304675,0.3227638750385058
55,2016-03-23,203.2100067138672,62.5359780965414,2.919779742292093,2.7843058540827927,0.13547388820930006
56,2016-03-24,203.1199951171875,62.172411150387084,2.759123445312497,2.779269372328734,-0.020145927016236964
57,2016-03-28,203.24000549316406,62.48556508203104,2.611383602226198,2.7456922183082266,-0.13430861608202882
58,2016-03-29,205.1199951171875,67.08276969673634,2.6158443378815264,2.7197226422228864,-0.10387830434136003
59,2016-03-30,206.02000427246094,69.03885841668773,2.6613246264893746,2.708043039076184,-0.04671841258680942
60,2016-03-31,205.52000427246094,66.66860705710482,2.6267428055811024,2.691782992377168,-0.06504018679606549
61,2016-04-01,206.9199981689453,69.79550171409413,2.6813948201949813,2.689705357940731,-0.008310537745749524
62,2016-04-04,206.25,66.57655871101369,2.640208996854682,2.6798060857235213,-0.0395970888688395
63,2016-04-05,204.19000244140625,57.75662301100952,2.4135227602546365,2.626549420629744,-0.21302666037510765
64,2016-04-06,206.4199981689453,63.40797692581105,2.386306447619461,2.5785008260276876,-0.19219437840822673
65,2016-04-07,203.9499969482422,54.68196487104657,2.1407516158677993,2.49095098399571,-0.35019936812791075
66,2016-04-08,204.5,56.129719420672096,1.9678442091841362,2.386329629033395,-0.4184854198492589
67,2016-04-11,204.02000427246094,54.493558588083005,1.7716596107629812,2.2633956253793124,-0.4917360146163312
68,2016-04-12,205.9199981689453,59.523218397725486,1.7493303403717846,2.160582568377807,-0.41125222800602224
69,2016-04-13,208.0,64.18951304249805,1.8778265812562722,2.1040313709535,-0.22620478969722768
70,2016-04-14,208.00999450683594,64.21086313419252,1.9578978237338447,2.0748046615095688,-0.11690683777572408
71,2016-04-15,207.77999877929688,63.2759499711508,1.9799722397318078,2.055838177154017,-0.07586593742220904
72,2016-04-18,209.24000549316406,66.60042778309935,2.091170995939251,2.0629047409110637,0.02826625502818736
73,2016-04-19,209.89999389648438,68.01020491520944,2.2071101676379783,2.091745826256447,0.11536434138153151
74,2016-04-20,210.10000610351562,68.44489927864112,2.2887488381321646,2.1311464286315904,0.15760240950057414
75,2016-04-21,208.97000122070312,63.2182481899971,2.236485311963037,2.15221420529788,0.08427110666515691
76,2016-04-22,208.97000122070312,63.2182481899971,2.1700510927483094,2.1557815827879656,0.014269509960343818
77,2016-04-25,208.61000061035156,61.48351226313931,2.064553566409586,2.1375359795122897,-0.0729824131027037
78,2016-04-26,208.9199981689453,62.43930613584716,1.983100283309426,2.106648840271717,-0.12354855696229095
79,2016-04-27,209.35000610351562,63.781904319676016,1.930986802346979,2.0715164326867694,-0.1405296303397905
80,2016-04-28,207.4499969482422,54.51029927687021,1.7165839225130526,2.0005299306520263,-0.28394600813897375
81,2016-04-29,206.3300018310547,49.90510909916706,1.4396979084799,1.888363526217601,-0.4486656177377011
82,2016-05-02,207.97000122070312,55.794346469641106,1.3371837700671279,1.7781275749875065,-0.44094380492037866
83,2016-05-03,206.16000366210938,48.95407332571517,1.0972405940431713,1.6419501787986397,-0.5447095847554684
84,2016-05-04,205.00999450683594,45.16531998127351,0.8050081378311518,1.4745617706051424,-0.6695536327739906
85,2016-05-05,204.97000122070312,45.034785252606305,0.5636868557190553,1.2923867876279251,-0.7286999319088698
86,2016-05-06,205.72000122070312,48.06609829059344,0.4280227531444041,1.1195139807312209,-0.6914912275868168
87,2016-05-09,205.88999938964844,48.755947215535954,0.33041656941179554,0.9616944984673359,-0.6312779290555404
88,2016-05-10,208.4499969482422,57.83834779364231,0.45439538660986045,0.8602346760958408,-0.40583928948598036
89,2016-05-11,206.5,50.49661590051032,0.3907961804339095,0.7663469769634546,-0.37555079652954504
90,2016-05-12,206.55999755859375,50.70395397406281,0.34130035485128474,0.6813376525410206,-0.3400372976897359
91,2016-05-13,204.75999450683594,44.66041568942903,0.1550421243560436,0.5760785469040253,-0.4210364225479817
92,2016-05-16,206.77999877929688,51.62835047722684,0.16848639143660193,0.4945601158105406,-0.32607372437393867
93,2016-05-17,204.85000610351562,45.706780417883984,0.023140046592004637,0.4002761019668334,-0.37713605537482875
94,2016-05-18,204.91000366210938,45.91445932936657,-0.08621286901487224,0.3029783077704923,-0.3891911767853645
95,2016-05-19,204.1999969482422,43.78024256706788,-0.22754445962488035,0.19687375429141776,-0.4244182139162981
96,2016-05-20,205.49000549316406,48.467166344790215,-0.23277457450078032,0.11094408853297816,-0.3437186630337585
97,2016-05-23,205.2100067138672,47.54073539986078,-0.25655562610529614,0.0374441456053233,-0.2939997717106194
98,2016-05-24,207.8699951171875,56.12149169076205,-0.060070986201708365,0.017941119243916965,-0.07801210544562533
99,2016-05-25,209.27999877929688,59.86873110747663,0.20703346524373956,0.055759588443881486,0.15127387679985807
100,2016-05-26,209.33999633789062,60.025169820880805,0.41873010891083595,0.12835369253727238,0.2903764163735636
101,2016-05-27,210.24000549316406,62.393397617412894,0.6516130517041745,0.2330055643706528,0.4186074873335217
102,2016-05-31,209.83999633789062,60.67295696650756,0.7947358457602718,0.3453516206485766,0.4493842251116952
103,2016-06-01,210.27000427246094,61.889525657394444,0.932114897470683,0.4627042760129979,0.4694106214576851
104,2016-06-02,210.91000366210938,63.68989109651912,1.080179748013819,0.5861993704131622,0.49398037760065694
105,2016-06-03,210.27999877929688,60.652411129878494,1.1336184323116925,0.6956831827928682,0.43793524951882423
106,2016-06-06,211.35000610351562,63.80935431391743,1.247924328410818,0.8061314119164582,0.4417929164943597
107,2016-06-07,211.67999267578125,64.74868427141377,1.3495825852115502,0.9148216465754766,0.43476093863607357
108,2016-06-08,212.3699951171875,66.69524148660378,1.468892438883131,1.0256358050370076,0.44325663384612346
109,2016-06-09,212.0800018310547,65.06898926741354,1.5224959374370712,1.1250078315170204,0.3974881059200508
110,2016-06-10,210.07000732421875,55.04964721013114,1.3868011572695025,1.1773664966675168,0.20943466060198568
111,2016-06-13,208.4499969482422,48.559600046763244,1.135451984327915,1.1689835941995965,-0.03353160987168158
112,2016-06-14,208.0399932861328,47.047823940621186,0.8928795255378361,1.1137627804672445,-0.2208832549294084
113,2016-06-15,207.75,45.95799499064648,0.6695212455345825,1.024914473480712,-0.3553932279461296
114,2016-06-16,208.3699951171875,48.6943294302087,0.5363538703158213,0.927202352847734,-0.39084848253191273
115,2016-06-17,206.52000427246094,41.880171863905055,0.2783305446213262,0.7974279912024526,-0.5190974465811263
116,2016-06-20,207.85000610351562,47.56151784557896,0.17910067147337827,0.6737625272566378,-0.4946618557832595
117,2016-06-21,208.44000244140625,49.90109262511522,0.1463806705028503,0.5682861559058803,-0.42190548540302997
118,2016-06-22,208.10000610351562,48.556641359120334,0.09195497132952823,0.47301991899060986,-0.3810649476610816
119,2016-06-23,210.80999755859375,58.2191635685015,0.2644474886634214,0.4313054329251722,-0.16685794426175082
120,2016-06-24,203.24000549316406,37.199972592502526,-0.2072964586866135,0.3035850546028151,-0.5108815132894287
121,2016-06-27,199.60000610351562,31.340636422872947,-0.8649043863124461,0.06988716641976286,-0.934791552732209
122,2016-06-28,203.1999969482422,41.204258741280974,-1.083089055541791,-0.1607080779725479,-0.922380977569243
123,2016-06-29,206.66000366210938,48.81519283378805,-0.9656766333982887,-0.3217017890576961,-0.6439748443405926
124,2016-06-30,209.47999572753906,54.037380679559206,-0.6377253500504594,-0.3849065012562488,-0.25281884879421057
125,2016-07-01,209.9199981689453,54.81206680780336,-0.3384160261751674,-0.37560840624003256,0.03719238006486514
126,2016-07-05,208.41000366210938,51.597972536930186,-0.22051322851419286,-0.3445893706948646,0.12407614218067176
127,2016-07-06,209.66000366210938,54.00253287275427,-0.02591117076252658,-0.280853730708397,0.2549425599458704
128,2016-07-07,209.52999877929688,53.70371211286069,0.11647935301525081,-0.20138711396366743,0.31786646697891824
129,2016-07-08,212.64999389648438,59.49627240673652,0.4755999795339676,-0.06598969526414043,0.541589674798108
130,2016-07-11,213.39999389648438,60.76704388257452,0.8113714108004331,0.10948252594877428,0.7018888848516588
131,2016-07-12,214.9499969482422,63.327784475307666,1.1888407652285764,0.32535417380473475,0.8634865914238417
132,2016-07-13,214.9199981689453,63.24174967732566,1.468637755503579,0.5540108901445036,0.9146268653590754
133,2016-07-14,216.1199951171875,65.2740824506098,1.7668415613565287,0.7965770243869086,0.9702645369696201
134,2016-07-15,215.8300018310547,64.34817262459886,1.957208707659703,1.0287033610414675,0.9285053466182354
135,2016-07-18,216.41000366210938,65.40514948631962,2.1303203363556236,1.2490267561042987,0.8812935802513249
136,2016-07-19,216.19000244140625,64.62253463946283,2.2241219955187432,1.4440458039871877,0.7800761915315555
137,2016-07-20,217.08999633789062,66.39407538586505,2.3440615892206154,1.6240489610338733,0.720012628186742
138,2016-07-21,216.27000427246094,63.2846674483616,2.345905931326314,1.7684203550923616,0.5774855762339524
139,2016-07-22,217.24000549316406,65.35183612064114,2.3979959727321614,1.8943354786203215,0.5036604941118399
140,2016-07-25,216.64999389648438,63.02733199026285,2.364413217144289,1.988351026325115,0.37606219081917414
141,2016-07-26,216.75,63.26583471557602,2.319134756298695,2.054507772319831,0.26462698397886397
142,2016-07-27,216.52000427246094,62.27094271067402,2.2388840550769373,2.0913830288712525,0.14750102620568484
143,2016-07-28,216.77000427246094,62.95291335857202,2.1704382457997724,2.1071940722569567,0.06324417354281575
144,2016-07-29,217.1199951171875,63.935720597684735,2.1199977703522563,2.1097548118760168,0.010242958476239572
145,2016-08-01,216.94000244140625,63.00994397108241,2.0419609704908623,2.0961960435989857,-0.054235073108123366
146,2016-08-02,215.5500030517578,56.23767129362103,1.8466676748954,2.0462903698582684,-0.19962269496286833
147,2016-08-03,216.17999267578125,58.41901254218843,1.7228710437966015,1.981606504645935,-0.2587354608493335
148,2016-08-04,216.41000366210938,59.2182736148189,1.6245939779556409,1.9102039993078763,-0.28561002135223545
149,2016-08-05,218.17999267578125,64.82194167287383,1.6702780901058816,1.8622188174674776,-0.19194072736159606
150,2016-08-08,218.0500030517578,64.12506264099736,1.6766664348587028,1.825108340945723,-0.14844190608702013
151,2016-08-09,218.17999267578125,64.53565605160348,1.672933781127199,1.7946734289820183,-0.12173964785481939
152,2016-08-10,217.63999938964844,61.39226208193532,1.607868177388184,1.7573123786632516,-0.14944420127506763
153,2016-08-11,218.64999389648438,64.84165628281764,1.6191369308173478,1.7296772890940708,-0.11054035827672304
154,2016-08-12,218.4600067138672,63.68893989698886,1.5943583506363552,1.7026135014025279,-0.10825515076617265
155,2016-08-15,219.08999633789062,65.85649546569573,1.6070311897256317,1.6834970390671486,-0.0764658493415169
156,2016-08-16,217.9600067138672,59.0478440584466,1.508504684078872,1.6484985680694935,-0.1399938839906214
157,2016-08-17,218.3699951171875,60.63793568445011,1.446826243918764,1.6081641032393477,-0.16133785932058364
158,2016-08-18,218.86000061035156,62.511454381766434,1.421103388616416,1.5707519603147615,-0.14964857169834556
159,2016-08-19,218.5399932861328,60.48664874460829,1.3592275941984155,1.5284470870914924,-0.1692194928930768
160,2016-08-22,218.52999877929688,60.420822889713904,1.294462351938705,1.481650140060935,-0.18718778812222991
161,2016-08-23,218.97000122070312,62.36275146364896,1.2640685551586728,1.4381338230804825,-0.17406526792180976
162,2016-08-24,217.85000610351562,54.96952210755484,1.1365060719210476,1.3778082728485956,-0.24130220092754806
163,2016-08-25,217.6999969482422,54.04534851984557,1.0116457769760814,1.3045757736740928,-0.29292999669801145
164,2016-08-26,217.2899932861328,51.49694771519973,0.869585187925253,1.217577656524325,-0.34799246859907207
165,2016-08-29,218.36000061035156,57.172588906210024,0.8337310635305357,1.1408083379255674,-0.30707727439503163
166,2016-08-30,218.0,54.84716970631496,0.7674210192213877,1.0661308741847315,-0.2987098549633438
167,2016-08-31,217.3800048828125,50.99990162623867,0.6572648666767975,0.9843576726831448,-0.32709280600634727
168,2016-09-01,217.38999938964844,51.05949862991344,0.5642672734429937,0.9003395928351147,-0.336072319392121
169,2016-09-02,218.3699951171875,56.62966022311491,0.5631518122977468,0.8329020367276412,-0.2697502244298944
170,2016-09-06,219.02999877929688,59.936795152609875,0.6085100558160832,0.7880236405453297,-0.1795135847292465
171,2016-09-07,219.00999450683594,59.78798447236961,0.6355167712444825,0.7575222666851603,-0.12200549544067785
172,2016-09-08,218.50999450683594,56.0426454224576,0.6095474825203553,0.7279273098521994,-0.11837982733184416
173,2016-09-09,213.27999877929688,32.85693875892004,0.16504712724881188,0.615351273331522,-0.4503041460827101
174,2016-09-12,216.33999633789062,46.74055942731794,0.05901335355068227,0.504083689375354,-0.4450703358246717
175,2016-09-13,213.22999572753906,38.11444396026846,-0.2728252740021162,0.34870189669985996,-0.6215271707019762
176,2016-09-14,213.14999389648438,37.920569612536994,-0.5360855952287125,0.1717443983141455,-0.707829993542858
177,2016-09-15,215.27999877929688,45.822212247358344,-0.566319524680722,0.024131613715172,-0.590451138395894
178,2016-09-16,213.3699951171875,40.806451879752345,-0.7359182569873894,-0.1278783604253403,-0.6080398965620492
179,2016-09-19,213.41000366210938,40.95225515595843,-0.8572166589776486,-0.27374602013580196,-0.5834706388418467
180,2016-09-20,213.4199981689453,40.99135741336618,-0.9416848861001483,-0.40733379332867126,-0.5343510927714771
181,2016-09-21,215.82000732421875,49.61915884446314,-0.8056785230421042,-0.4870027392713579,-0.3186757837707463
182,2016-09-22,217.17999267578125,53.74619259158421,-0.5814504496036932,-0.505892281337825,-0.07555816826586814
183,2016-09-23,215.99000549316406,49.89477663705017,-0.49407472059886004,-0.5035287691900321,0.009454048591172048
184,2016-09-26,214.24000549316406,44.80940867807222,-0.5595886113147515,-0.514740737614976,-0.0448478736997755
185,2016-09-27,215.57000732421875,49.058877829608754,-0.498443067816396,-0.51148120365526,0.013038135838863929
186,2016-09-28,216.63999938964844,52.24458091393674,-0.3595012599379288,-0.48108521491179373,0.12158395497386493
187,2016-09-29,214.67999267578125,46.50714140623764,-0.40290064963008376,-0.4654483018554518,0.06254765222536801
188,2016-09-30,216.3000030517578,51.270504680073316,-0.30307996313291596,-0.4329746341109446,0.12989467097802865
189,2016-10-03,215.77999877929688,49.73944324994856,-0.2629007921632649,-0.39895986572140874,0.13605907355814384
190,2016-10-04,214.67999267578125,46.57122185553244,-0.3161751389242795,-0.3824029203619829,0.06622778143770341
191,2016-10-05,215.6300048828125,49.55944635206991,-0.2785267144419947,-0.36162767917798533,0.0831009647359906
192,2016-10-06,215.77999877929688,50.03460256280122,-0.2338906668865377,-0.33608027671969587,0.10218960983315817
193,2016-10-07,215.0399932861328,47.6497411282141,-0.25528576108396805,-0.31992137359255035,0.0646356125085823
194,2016-10-10,216.16000366210938,51.42363348719034,-0.1797935027723554,-0.2918957994285114,0.11210229665615601
195,2016-10-11,213.42999267578125,43.240994654961426,-0.3363768719188158,-0.3007920139265723,-0.035584857992243535
196,2016-10-12,213.7100067138672,44.22138370621667,-0.4328854928908754,-0.3272107097194329,-0.10567478317144252
197,2016-10-13,213.00999450683594,42.25636666588633,-0.559405921929681,-0.3736497521614825,-0.18575616976819848
198,2016-10-14,213.1199951171875,42.687348198571364,-0.64338164047129,-0.427596129823444,-0.21578551064784596
199,2016-10-17,212.3800048828125,40.49757493511853,-0.7608731578489483,-0.4942515354285449,-0.2666216224204034
200,2016-10-18,213.7100067138672,45.87200984537857,-0.7381569851364986,-0.5430326253701356,-0.195124359766363
201,2016-10-19,214.27999877929688,48.03813777985927,-0.6664779159954719,-0.5677216834952029,-0.09875623250026899
202,2016-10-20,213.8800048828125,46.62794743285862,-0.6346322562341982,-0.5811037980430019,-0.053528458191196227
203,2016-10-21,213.97999572753906,47.04643095954034,-0.5944731989361287,-0.5837776782216273,-0.010695520714501416
204,2016-10-24,214.88999938964844,50.8253963633661,-0.4836420419794649,-0.5637505509731948,0.0801085089937299
205,2016-10-25,214.1699981689453,47.91201782217606,-0.4487329190412481,-0.5407470245868056,0.09201410554555745
206,2016-10-26,213.74000549316406,46.20848546926132,-0.45057011117148704,-0.5227116419037419,0.07214153073225482
207,2016-10-27,213.1699981689453,43.97630784782653,-0.49234547433175635,-0.5166384083893448,0.024292934057588478
208,2016-10-28,212.5399932861328,41.58522703183954,-0.5697214848459851,-0.5272550236806729,-0.042466461165312164
209,2016-10-31,212.5500030517578,41.639521928194,-0.6230526629500162,-0.5464145515345415,-0.07663811141547461
210,2016-11-01,211.00999450683594,36.082780181977284,-0.7805857187466643,-0.5932487849769661,-0.18733693376969818
211,2016-11-02,209.74000549316406,32.259519665199676,-0.9964231542221853,-0.67388365882601,-0.3225394953961753
212,2016-11-03,208.77999877929688,29.697878383987018,-1.2307530406243359,-0.7852575351856752,-0.4454955054386607
213,2016-11-04,208.5500030517578,29.101655967187938,-1.4186663938129698,-0.9119393069111341,-0.5067270869018357
214,2016-11-07,213.14999389648438,50.504465164624094,-1.182773980420592,-0.9661062416130257,-0.21666773880756618
215,2016-11-08,214.11000061035156,53.64926697947916,-0.9078973491018587,-0.9544644631107924,0.04656711400893365
216,2016-11-09,216.3800048828125,60.10419725592773,-0.5011087945777604,-0.863793329404186,0.3626845348264256
217,2016-11-10,216.9199981689453,61.47850639810326,-0.13361278408157773,-0.7177572203396644,0.5841444362580867
218,2016-11-11,216.4199981689453,59.43686506215112,0.11594805359015936,-0.5510161655536997,0.6669642191438591
219,2016-11-14,216.58999633789062,59.92416642856718,0.32371268856405777,-0.3760703947301482,0.699783083294206
220,2016-11-15,218.27999877929688,64.49115975251217,0.6176172248117382,-0.17733287082177096,0.7949500956335092
221,2016-11-16,217.8699951171875,62.626535674664616,0.8081390938425272,0.019761522111088697,0.7883775717314385
222,2016-11-17,218.99000549316406,65.55622045864848,1.0375443591856595,0.22331808952600285,0.8142262696596566
223,2016-11-18,218.5,63.221235415150424,1.166365204553216,0.4119275125314455,0.7544376920217706
224,2016-11-21,220.14999389648438,67.4282786844272,1.3856247508763886,0.6066669602004342,0.7789577906759544
225,2016-11-22,220.5800018310547,68.44143375212538,1.575921327524071,0.8005178336651617,0.7754034938589094
226,2016-11-23,220.6999969482422,68.73370321736695,1.7166271296587468,0.9837396928638789,0.7328874367948679
227,2016-11-25,221.52000427246094,70.72872078210533,1.8727177055747575,1.1615352954060547,0.7111824101687028
228,2016-11-28,220.47999572753906,65.05876163619955,1.8907057349103695,1.3073693833069178,0.5833363516034518
229,2016-11-29,220.91000366210938,66.26300635587316,1.9175550434449065,1.4294065153345155,0.488148528110391
230,2016-11-30,220.3800048828125,63.36430025592084,1.8744592424560267,1.5184170607588179,0.3560421816972088
231,2016-12-01,219.57000732421875,59.10854319713027,1.7547181772640101,1.5656772840598565,0.18904089320415363
232,2016-12-02,219.67999267578125,59.50624363697104,1.6496809242921984,1.5824780121063249,0.06720291218587349
233,2016-12-05,221.0,64.0280655910189,1.653886727180236,1.5967597551211072,0.057126972059128756
234,2016-12-06,221.6999969482422,66.18454407268788,1.694174372297823,1.6162426785564505,0.07793169374137254
235,2016-12-07,224.60000610351562,73.32043218513203,1.9377716978414412,1.680548482413449,0.2572232154279923
236,2016-12-08,225.14999389648438,74.42279421793836,2.1504151050671965,1.7745218069441986,0.3758932981229979
237,2016-12-09,226.50999450683594,76.9581217397749,2.400999987279903,1.8998174430113395,0.5011825442685633
238,2016-12-12,226.25,75.41900513051306,2.549225048442196,2.029698964097511,0.519526084344685
239,2016-12-13,227.75999450683594,78.15192065689642,2.756760198918755,2.17511121106176,0.5816489878569953
240,2016-12-14,225.8800048828125,68.01316807451042,2.737972210635945,2.287683410976597,0.4502887996593481
241,2016-12-15,226.80999755859375,70.0809352740437,2.7662377642016054,2.383394281621599,0.38284348258000644
242,2016-12-16,225.0399932861328,61.88172048982634,2.615662141822213,2.429847853661722,0.18581428816049117
243,2016-12-19,225.52999877929688,63.16649450601305,2.5069704298192903,2.4452723688932356,0.061698060926054676
244,2016-12-20,226.39999389648438,65.39653907071255,2.462644961902413,2.448746887495071,0.01389807440734181
245,2016-12-21,225.77000427246094,62.4481076144134,2.3495971186049758,2.428916933717052,-0.07931981511207642
246,2016-12-22,225.3800048828125,60.62585182513596,2.2031397730454785,2.383761501582738,-0.18062172853725933
247,2016-12-23,225.7100067138672,61.64571303823348,2.0896119159187094,2.3249315844499323,-0.23531966853122288
248,2016-12-27,226.27000427246094,63.37916806027917,2.0215245178192447,2.264250171123795,-0.2427256533045501
249,2016-12-28,224.39999389648438,54.51817248675763,1.7959677569190262,2.170593688282841,-0.37462593136381495
250,2016-12-29,224.35000610351562,54.299629195700916,1.594794997721408,2.0554339501705545,-0.46063895244914654
251,2016-12-30,223.52999877929688,50.708620646103846,1.3535930209454818,1.91506576432554,-0.5614727433800581
252,2017-01-03,225.24000549316406,57.082690655049355,1.2856023437121848,1.7891730802028691,-0.5035707364906843
253,2017-01-04,226.5800018310547,61.30536063199621,1.3245768503985857,1.6962538342420126,-0.37167698384342684
254,2017-01-05,226.39999389648438,60.44498588448751,1.3256579323621054,1.6221346538660313,-0.2964767215039259
255,2017-01-06,227.2100067138672,62.96382406498825,1.376014128080783,1.5729105487089816,-0.19689642062819868
256,2017-01-09,226.4600067138672,59.204518456099336,1.3399568554605423,1.5263198100592938,-0.18636295459875152
257,2017-01-10,226.4600067138672,59.204518456099336,1.296436691949424,1.48034318643732,-0.1839064944878961
258,2017-01-11,227.10000610351562,61.48057968939341,1.2986195727949905,1.443998463708854,-0.14537889091386358
259,2017-01-12,226.52999877929688,58.35769760029734,1.2400600538868218,1.4032107817444477,-0.16315072785762585
260,2017-01-13,227.0500030517578,60.33700955446138,1.2215301727290182,1.366874659941362,-0.14534448721234372
261,2017-01-17,226.25,55.93235329737796,1.1292739805394945,1.3193545240609885,-0.19008054352149406
262,2017-01-18,226.75,57.99621100599805,1.0840103088179092,1.2722856810123728,-0.18827537219446366
263,2017-01-19,225.91000366210938,53.465892028015695,0.9691856694456931,1.211665678699037,-0.2424800092533439
264,2017-01-20,226.74000549316406,57.03705405142222,0.9343894664952472,1.156210436258279,-0.22182096976303178
265,2017-01-23,226.14999389648438,53.872094232481174,0.8494127189613607,1.0948508927988954,-0.24543817383753463
266,2017-01-24,227.60000610351562,59.77899679752357,0.8888260675346373,1.0536459277460437,-0.16481986021140638
267,2017-01-25,229.57000732421875,66.12567205647898,1.0667274942217944,1.056262241041194,0.010465253180600431
268,2017-01-26,229.3300018310547,64.78444141382411,1.174806777849966,1.0799711484029484,0.09483562944701762
269,2017-01-27,228.97000122070312,62.72916786389677,1.217378170432596,1.1074525528088779,0.10992561762371822
270,2017-01-30,227.5500030517578,55.27957042780142,1.1235823628771016,1.1106785148225227,0.012903848054578893
271,2017-01-31,227.52999877929688,55.18015224222158,1.035695479235585,1.0956819077051352,-0.05998642846955016
272,2017-02-01,227.6199951171875,55.5673122747211,0.9622146317785223,1.0689884525198128,-0.10677382074129049
273,2017-02-02,227.77000427246094,56.24576231651889,0.905645300638497,1.0363198221435497,-0.13067452150505265
274,2017-02-03,229.33999633789062,62.67020261048907,0.9762453877210362,1.024304935259047,-0.04805954753801078
275,2017-02-06,228.92999267578125,60.18490876795261,0.9877266978570844,1.0169892877786546,-0.02926258992157016
276,2017-02-07,228.94000244140625,60.22637863437193,0.9862643814282706,1.0108443065085777,-0.024579925080307152
277,2017-02-08,229.24000549316406,61.519997844319384,0.9978110791649613,1.0082376610398545,-0.010426581874893204
278,2017-02-09,230.60000610351562,66.79280227149644,1.1039766479705975,1.0273854584260032,0.07659118954459432
279,2017-02-10,231.50999450683594,69.77698742457443,1.247165537208872,1.071341474182577,0.17582406302629483
280,2017-02-13,232.77000427246094,73.34839664184415,1.4456514512521608,1.146203469596494,0.2994479816556668
281,2017-02-14,233.6999969482422,75.6367707033542,1.6588731477728516,1.2487374052317655,0.4101357425410861
282,2017-02-15,234.9199981689453,78.2723812010264,1.904344680911862,1.3798588603677848,0.5244858205440772
283,2017-02-16,234.72000122070312,76.80552803596177,2.0590095764639784,1.5156890035870236,0.5433205728769548
284,2017-02-17,235.08999633789062,77.64036211514784,2.1862365600885596,1.649798514887331,0.5364380452012285
285,2017-02-21,236.49000549316406,80.50033775884067,2.372683086026086,1.7943754291150822,0.5783076569110039
286,2017-02-22,236.27999877929688,78.87066627882865,2.4749676281925304,1.930493868930572,0.5444737592619584
287,2017-02-23,236.44000244140625,79.2159014101921,2.5396641556058057,2.052327926265619,0.48733622934018683
288,2017-02-24,236.74000549316406,79.879711453273,2.585342143826466,2.1589307697777884,0.4264113740486777
289,2017-02-27,237.11000061035156,80.69847636280653,2.6211824329051865,2.251381102403268,0.36980133050191855
290,2017-02-28,236.47000122070312,75.01223399469092,2.5683373242295886,2.314772346768532,0.25356497746105644
291,2017-03-01,239.77999877929688,82.05491885477083,2.7617110491809456,2.404160087251015,0.35755096192993063
292,2017-03-02,238.27000427246094,72.07498297914789,2.761286786997175,2.475585427200247,0.28570135979692823
293,2017-03-03,238.4199981689453,72.4336449895795,2.7414520572337437,2.5287587532069464,0.21269330402679731
294,2017-03-06,237.7100067138672,67.98267756501878,2.63803291291444,2.5506135851484455,0.08741932776599448
295,2017-03-07,237.0,63.76302216501414,2.470304752436533,2.5345518186060634,-0.06424706616953024
296,2017-03-08,236.55999755859375,61.22674222965724,2.2756422695290155,2.4827699087906536,-0.20712763926163813
297,2017-03-09,236.86000061035156,62.32704756761541,2.1211275503595743,2.410441437104438,-0.2893138867448637
298,2017-03-10,237.69000244140625,65.26401173621099,2.0421075882413504,2.3367746673318206,-0.2946670790904702
299,2017-03-13,237.80999755859375,65.68057237826726,1.9664977402236161,2.26271928191018,-0.29622154168656367
300,2017-03-14,236.89999389648438,59.821607398029904,1.8122561399249264,2.172626653513129,-0.3603705135882027
301,2017-03-15,238.9499969482422,66.96973210097497,1.8342920966411214,2.1049597421387274,-0.270667645497606
302,2017-03-16,238.47999572753906,64.15175620494843,1.793160146586132,2.0425998230282083,-0.24943967644207632
303,2017-03-17,237.02999877929688,56.28327585237104,1.624830114101087,1.959045881242784,-0.334215767141697
304,2017-03-20,236.77000427246094,54.98107695106977,1.4536907249808735,1.857974849990402,-0.4042841250095286
305,2017-03-21,233.72999572753906,42.57691420439867,1.0605330777848394,1.6984864955492898,-0.6379534177644504
306,2017-03-22,234.27999877929688,44.994784831868884,0.7842926223978566,1.5156477209190031,-0.7313550985211466
307,2017-03-23,234.02999877929688,44.086111217679715,0.5389840875801895,1.3203149942512407,-0.7813309066710512
308,2017-03-24,233.86000061035156,43.44362952398474,0.3270874147721088,1.1216694783554144,-0.7945820635833056
309,2017-03-27,233.6199951171875,42.50189417366093,0.13819827377517413,0.9249752374393664,-0.7867769636641923
310,2017-03-28,235.32000732421875,50.66045334569158,0.12424680633247931,0.764829551217989,-0.6405827448855097
311,2017-03-29,235.5399932861328,51.61716022405706,0.12944898912888902,0.6377534388001691,-0.5083044496712801
312,2017-03-30,236.2899932861328,54.83273431550107,0.19187863104485814,0.548578477249107,-0.3566998462042489
313,2017-03-31,235.74000549316406,52.09830183855586,0.19473042249663308,0.47780886629861224,-0.28307844380197916
314,2017-04-03,235.3300018310547,50.09280482854692,0.16203873708406036,0.4146548404557019,-0.25261610337164153
315,2017-04-04,235.47999572753906,50.83838631551404,0.14654432302356213,0.36103273696927396,-0.21448841394571183
316,2017-04-05,234.77999877929688,47.28788950128791,0.0768945916574637,0.3042051079069119,-0.2273105162494482
317,2017-04-06,235.44000244140625,50.778392724276934,0.07409928694735868,0.25818394371500125,-0.18408465676764257
318,2017-04-07,235.1999969482422,49.49488790606586,0.051919059734643724,0.21693096691892977,-0.16501190718428604
319,2017-04-10,235.33999633789062,50.28429638594903,0.04511776112417465,0.18256832575997875,-0.1374505646358041
320,2017-04-11,235.05999755859375,48.646599166777335,0.01693886088861518,0.14944243278570604,-0.13250357189709086
321,2017-04-12,234.02999877929688,43.08734847720433,-0.08749680528987369,0.1020545851705901,-0.1895513904604638
322,2017-04-13,232.50999450683594,36.46473229966144,-0.2895764081583536,0.023728386504801358,-0.313304794663155
323,2017-04-17,234.57000732421875,48.106141979970964,-0.28026936049303686,-0.037071162894766294,-0.24319819759827055
324,2017-04-18,233.8699951171875,45.08322605304882,-0.32562499082624186,-0.09478192848106141,-0.23084306234518043
325,2017-04-19,233.44000244140625,43.28397086277981,-0.3917506127641275,-0.15417566533767463,-0.23757494742645285
326,2017-04-20,235.33999633789062,52.33596763413691,-0.2875275770954602,-0.18084604768923174,-0.10668152940622844
327,2017-04-21,234.58999633789062,49.01072427449394,-0.2624237448525264,-0.1971615871218907,-0.0652621577306357
328,2017-04-24,237.1699981689453,58.72578343129499,-0.033952804351827126,-0.16451983056787797,0.13056702621605085
329,2017-04-25,238.5500030517578,62.80770686913171,0.2555214309013252,-0.08051157827403733,0.3360330091753625
330,2017-04-26,238.39999389648438,62.088884310801184,0.4674390167228637,0.02907854072534287,0.4383604759975208
331,2017-04-27,238.60000610351562,62.701826819414705,0.6440997626798435,0.152082785116243,0.49201697756360047
332,2017-04-28,238.0800018310547,59.9863822628494,0.7336871884876359,0.2684036657905216,0.4652835226971143
333,2017-05-01,238.67999267578125,62.02966099807861,0.8433781770789324,0.38339856804820377,0.4599796090307286
334,2017-05-02,238.77000427246094,62.340356188120246,0.9268876752593371,0.4920963894904305,0.43479128576890663
335,2017-05-03,238.47999572753906,60.61928868879598,0.9586179374837513,0.5854006990890948,0.3732172383946566
336,2017-05-04,238.75999450683594,61.71817136297871,0.9948894935580483,0.6672984579828855,0.3275910355751629
337,2017-05-05,239.6999969482422,65.22630506250849,1.0869555571067053,0.7512298778076494,0.33572567929905595
338,2017-05-08,239.66000366210938,64.95357731312535,1.1435097828495486,0.8296858588160293,0.31382392403351933
339,2017-05-09,239.44000244140625,63.383554985517996,1.157237243727593,0.8951961357983421,0.26204110792925095
340,2017-05-10,239.8699951171875,65.15630543016492,1.1891058981105687,0.9539780882607876,0.2351278098497811
341,2017-05-11,239.3800048828125,61.50226311744226,1.1614356126415544,0.995469593136941,0.16596601950461343
342,2017-05-12,238.97999572753906,58.612421913574636,1.0946113183332784,1.0152979381762086,0.07931338015706979
343,2017-05-15,240.3000030517578,64.53456932046903,1.1350816285042526,1.0392546762418176,0.0958269522624351
344,2017-05-16,240.0800018310547,62.91864145650084,1.1363037783712855,1.0586644966677112,0.07763928170357426
345,2017-05-17,235.82000732421875,41.3352804760622,0.7844833507602686,1.0038282674862227,-0.21934491672595402
346,2017-05-18,236.77000427246094,45.80040555416325,0.575683816728116,0.9181993773346013,-0.34251556060648536
347,2017-05-19,238.30999755859375,52.15741127045143,0.5283824061467897,0.8402359830970391,-0.3118535769502494
348,2017-05-22,239.52000427246094,56.476878980945905,0.5818261966135765,0.7885540258003465,-0.20672782918677002
349,2017-05-23,240.0500030517578,58.25472702699339,0.6593467191554794,0.762712564471373,-0.10336584531589366
350,2017-05-24,240.61000061035156,60.10888499227759,0.7572404184803645,0.7616181352731713,-0.004377716792806852
351,2017-05-25,241.75999450683594,63.67682328459898,0.9170456456654961,0.7927036373516364,0.12434200831385966
352,2017-05-26,241.7100067138672,63.411325378599635,1.0278108784009135,0.839725085561492,0.1880857928394215
353,2017-05-30,241.5,62.23728177269678,1.0861271390857041,0.8890054962663344,0.19712164281936972
354,2017-05-31,241.44000244140625,61.88475980198899,1.1146528698302518,0.934134970979118,0.18051789885113378
355,2017-06-01,243.36000061035156,68.10983087993134,1.2774617393627352,1.0028003246558415,0.27466141470689376
356,2017-06-02,244.1699981689453,70.31267751663061,1.45507576729608,1.0932554131838892,0.3618203541121907
357,2017-06-05,243.99000549316406,69.16928192395258,1.5632916068704787,1.1872626519212073,0.37602895494927147
358,2017-06-06,243.2100067138672,64.29026978159067,1.5680386827541213,1.2634178580877902,0.3046208246663311
359,2017-06-07,243.66000366210938,65.78953325421716,1.5897857075055981,1.3286914279713518,0.26109427953424635
360,2017-06-08,243.77999877929688,66.19708636822442,1.598279018781625,1.3826089461334066,0.21567007264821836
361,2017-06-09,243.41000366210938,63.6780631885386,1.5572040365723296,1.417527964221191,0.13967607235113855
362,2017-06-12,243.36000061035156,63.32733577865446,1.5032880203242769,1.4346799754418083,0.06860804488246863
363,2017-06-13,244.5500030517578,67.86373518476665,1.5388436095261397,1.4555127022586745,0.08333090726746528
364,2017-06-14,244.24000549316406,65.58766273412778,1.524434723348918,1.469297106476723,0.05513761687219487
365,2017-06-15,243.77000427246094,62.18247007762139,1.458280259611513,1.4670937371036812,-0.008813477492168209
366,2017-06-16,242.63999938964844,54.81400415547656,1.2996884211927409,1.4336126739214932,-0.1339242527287523
367,2017-06-19,244.66000366210938,63.20721957311701,1.3217642342382874,1.411242985984852,-0.08947875174656472
368,2017-06-20,243.00999450683594,54.3298945110725,1.1923725969246277,1.3674689081728073,-0.1750963112481796
369,2017-06-21,242.9499969482422,54.03272502376934,1.0726229607719802,1.308499718692642,-0.23587675792066176
370,2017-06-22,242.83999633789062,53.45542267975715,0.95780341981785,1.2383604589176835,-0.28055703909983354
371,2017-06-23,243.1300048828125,54.82579124335632,0.8800645361031343,1.1667012743547738,-0.2866367382516395
372,2017-06-26,243.2899932861328,55.60237873632934,0.8218913854678647,1.097739296577392,-0.27584791110952733
373,2017-06-27,241.3300018310547,45.32296188090509,0.6105952523944893,1.0003104877408115,-0.38971523534632224
374,2017-06-28,243.49000549316406,55.1611396397032,0.6103994829765611,0.9223282867879615,-0.3119288038114004
375,2017-06-29,241.35000610351562,46.27694248889082,0.43257778089108,0.8243781856085853,-0.3918004047175053
376,2017-06-30,241.8000030517578,48.1674068586028,0.3242263146623259,0.7243478114193335,-0.4001214967570076
377,2017-07-03,242.2100067138672,49.89734804908993,0.26834752283190255,0.6331477537018473,-0.36480023086994473
378,2017-07-05,242.77000427246094,52.241893125818436,0.2661819211108707,0.559754587183652,-0.2935726660727813
379,2017-07-06,240.5500030517578,43.54293341284731,0.08435769792740189,0.46467520933240203,-0.38031751140500014
380,2017-07-07,242.11000061035156,49.86093890415418,0.06538573061530428,0.3848173135889825,-0.31943158297367824
381,2017-07-10,242.3699951171875,50.848186696457,0.07051681966979118,0.3219572148051443,-0.2514403951353531
382,2017-07-11,242.19000244140625,50.11253591777638,0.05937490311544025,0.2694407524672035,-0.21006584935176326
383,2017-07-12,244.00999450683594,56.90223223769017,0.1951533964690384,0.25458328126757046,-0.05942988479853206
384,2017-07-13,244.4199981689453,58.27978543767097,0.3320154324389364,0.27006971150184367,0.06194572093709272
385,2017-07-14,245.55999755859375,61.92401951811065,0.526399993897968,0.32133576798106855,0.20506422591689943
386,2017-07-17,245.52999877929688,61.77111201412895,0.670303665138249,0.39112934741250466,0.27917431772574436
387,2017-07-18,245.66000366210938,62.20664977781702,0.7857806783840147,0.4700596136068067,0.31572106477720796
388,2017-07-19,246.99000549316406,66.42141855985855,0.973396368408487,0.5707269645671428,0.4026694038413442
389,2017-07-20,247.10000610351562,66.75167829637613,1.1180708594994542,0.6801957435536051,0.43787511594584905
390,2017-07-21,246.8800048828125,65.366944946236,1.2011283165716407,0.7843822581572123,0.41674605841442836
391,2017-07-24,246.82000732421875,64.9711070219756,1.2477276208107924,0.8770513306879284,0.37067629012286396
392,2017-07-25,247.4199981689453,67.11569380198245,1.3178804465511575,0.9652171538605743,0.3526632926905833
393,2017-07-26,247.42999267578125,67.15177081751315,1.3586221886702674,1.0438981608225129,0.31472402784775455
394,2017-07-27,247.1999969482422,65.37434153773629,1.3567122455277456,1.1064609777635595,0.25025126776418616
395,2017-07-28,246.91000366210938,63.10625245037864,1.3166213755618799,1.1484930573232237,0.16812831823865615
396,2017-07-31,246.77000427246094,61.98814307123357,1.2590388751258672,1.1706022208837525,0.08843665424211467
397,2017-08-01,247.32000732421875,64.63885117854261,1.243451246433068,1.1851720259936156,0.05827922043945244
398,2017-08-02,247.44000244140625,65.20887686689306,1.2266405923162438,1.1934657392581411,0.03317485305810264
399,2017-08-03,246.9600067138672,60.974634181180306,1.161200784274996,1.187012748261512,-0.025811963986515973
400,2017-08-04,247.41000366210938,63.37565420430889,1.1325944144810762,1.176129081505425,-0.04353466702434883
401,2017-08-07,247.8699951171875,65.69883269403806,1.1339694326888434,1.1676971517421089,-0.03372771905326544
402,2017-08-08,247.25999450683594,60.241577916854986,1.073462980228868,1.1488503174394609,-0.07538733721059288
403,2017-08-09,247.25,60.15341364242373,1.013027161029953,1.1216856861575595,-0.10865852512760643
404,2017-08-10,243.75999450683594,38.79967854314513,0.6757276945558317,1.032494087837214,-0.35676639328138227
405,2017-08-11,244.1199951171875,41.121516971003416,0.4324791276932842,0.9124910958084281,-0.4800119681151439
406,2017-08-14,246.5399932861328,53.80800684851657,0.4300195161049487,0.8159967798677322,-0.3859772637627835
407,2017-08-15,246.50999450683594,53.65367428767024,0.42079889766750966,0.7369572034276878,-0.3161583057601781
408,2017-08-16,246.94000244140625,55.61870003842844,0.4430819646390205,0.6781821556699543,-0.23510019103093382
409,2017-08-17,243.08999633789062,39.47917797424618,0.14836784686175974,0.5722192939083155,-0.42385144704655575
410,2017-08-18,242.7100067138672,38.29793247090901,-0.11453689173893622,0.4348680567788652,-0.5494049485178014
411,2017-08-21,242.89999389648438,39.27622353755615,-0.30405545138270895,0.28708335514655037,-0.5911388065292593
412,2017-08-22,245.44000244140625,50.561859916870844,-0.2464518697265703,0.18037631017192624,-0.42682817989849653
413,2017-08-23,244.55999755859375,47.28311275653224,-0.2687121098530554,0.09055862616692992,-0.35927073601998527
414,2017-08-24,243.99000549316406,45.23692097843867,-0.32855967517332374,0.006734965898879175,-0.3352946410722029
415,2017-08-25,244.55999755859375,47.67546358734657,-0.32623507098625737,-0.059859041478148134,-0.26637602950810924
416,2017-08-28,244.57000732421875,47.71949089014113,-0.3198975214908728,-0.11186673748069306,-0.20803078401017974
417,2017-08-29,244.85000610351562,49.01190702979114,-0.2889505641759911,-0.14728350281975267,-0.1416670613562384
418,2017-08-30,246.00999450683594,54.07686961990332,-0.16887680118097137,-0.15160216249199643,-0.01727463868897494
419,2017-08-31,247.49000549316406,59.59216783275293,0.04518616077214688,-0.11224449783916778,0.15743065861131467
420,2017-09-01,247.83999633789062,60.79137859136557,0.240303863183442,-0.041734825634645825,0.2820386888180878
421,2017-09-05,246.05999755859375,52.29156657082788,0.2484411477704782,0.016300369046378986,0.23214077872409922
422,2017-09-06,246.89999389648438,55.45670045149668,0.31899352991092655,0.07683900121928851,0.24215452869163806
423,2017-09-07,246.8699951171875,55.31555882872023,0.3682412938672428,0.13511945974887937,0.23312183411836343
424,2017-09-08,246.5800018310547,53.8877816707608,0.37949587478121316,0.18399474275534616,0.195501132025867
425,2017-09-11,249.2100067138672,63.17198651092066,0.5937897863794035,0.26595375148015765,0.32783603489924584
426,2017-09-12,250.0500030517578,65.55722780277651,0.821925296364924,0.3771480604571109,0.44477723590781304
427,2017-09-13,250.1699981689453,65.89702295843168,1.000869533805968,0.5018923551268824,0.49897717867908575
428,2017-09-14,250.08999633789062,65.43353282986602,1.123280177371612,0.6261699195758283,0.49711025779578355
429,2017-09-15,249.19000244140625,60.29564127890277,1.1345906536380141,0.7278540663882656,0.4067365872497486
430,2017-09-18,249.72000122070312,62.17901864161679,1.17280143477484,0.8168435400655805,0.3559578947092594
431,2017-09-19,249.97000122070312,63.068918241946456,1.2093164178902498,0.8953381156305144,0.31397830225973544
432,2017-09-20,250.05999755859375,63.40274888307891,1.2313228342609648,0.9625350593566045,0.26878777490436023
433,2017-09-21,249.38999938964844,59.118349667308145,1.1810850121368617,1.006245049912656,0.17483996222420561
434,2017-09-22,249.44000244140625,59.33918345315109,1.1322540842637636,1.0314468567828776,0.100807227480886
435,2017-09-25,248.92999267578125,56.01555544673814,1.0404085146350894,1.03323918835332,0.0071693262817693615
436,2017-09-26,249.0800018310547,56.782309977793346,0.9685597700232051,1.0203033046872971,-0.051743534664091984
437,2017-09-27,250.0500030517578,61.46073684296079,0.9786093151267323,1.0119645067751843,-0.03335519164845202
438,2017-09-28,250.35000610351562,62.80194623967514,0.9992625148195486,1.0094241083840572,-0.01016159356450852
439,2017-09-29,251.22999572753906,66.48622966176438,1.0742547921098833,1.0223902451292224,0.0518645469806609
440,2017-10-02,252.32000732421875,70.39735378936166,1.2077196975043023,1.0594561356042385,0.14826356190006384
441,2017-10-03,252.86000061035156,72.13243293618737,1.3415994188864886,1.1158847922606885,0.2257146266258001
442,2017-10-04,253.16000366210938,73.07658279440922,1.4551339235981118,1.1837346185281732,0.2713993050699386
443,2017-10-05,254.66000366210938,77.23040135559478,1.6471608555106627,1.2764198659246713,0.37074098958599144
444,2017-10-06,254.3699951171875,74.82671263284084,1.7557036577787244,1.372276624295482,0.38342703348324236
445,2017-10-09,253.9499969482422,71.36267697992093,1.7872321684970984,1.4552677331358053,0.33196443536129316
446,2017-10-10,254.6199951171875,73.47244098737127,1.8450138223547015,1.5332169509795845,0.3117968713751169
447,2017-10-11,255.02000427246094,74.672162828324,1.9011681125799953,1.6068071832996667,0.29436092928032864
448,2017-10-12,254.63999938964844,71.36996789782901,1.8931841258075792,1.664082571801249,0.22910155400633014
449,2017-10-13,254.9499969482422,72.44066467325739,1.8900832676166601,1.7092827109643314,0.18080055665232875
450,2017-10-16,255.2899932861328,73.606513067749,1.8932366248473045,1.7460734937409261,0.14716313110637835
451,2017-10-17,255.47000122070312,74.22812794416113,1.8884914650382143,1.7745570880003838,0.11393437703783049
452,2017-10-18,255.72000122070312,75.10506548219226,1.8831954969252536,1.796284769785358,0.08691072713989567
453,2017-10-19,255.7899932861328,75.35787552684641,1.8631687294416963,1.8096615617166256,0.05350716772507069
454,2017-10-20,257.1099853515625,79.57126822150832,1.9315440623655888,1.8340380618464183,0.09750600051917058
455,2017-10-23,256.1099853515625,69.83012412534059,1.8833305019798559,1.843896549873106,0.03943395210674994
456,2017-10-24,256.55999755859375,71.51980843720862,1.8599922987971809,1.847115699657921,0.01287659913925987
457,2017-10-25,255.2899932861328,61.116814830328735,1.7192000062064778,1.8215325609676325,-0.10233255476115466
458,2017-10-26,255.6199951171875,62.63758229118356,1.6156255639907329,1.7803511615722525,-0.1647255975815196
459,2017-10-27,257.7099914550781,70.50544374134817,1.682789163978299,1.7608387620534618,-0.07804959807516276
460,2017-10-30,256.75,63.85399384875278,1.639652618674802,1.7366015333777298,-0.09694891470292788
461,2017-10-31,257.1499938964844,65.32196926010553,1.6190790251375233,1.7130970317296885,-0.0940180065921652
462,2017-11-01,257.489990234375,66.56495441224243,1.6116312847889276,1.6928038823415366,-0.08117259755260897
463,2017-11-02,257.5899963378906,66.94031372228986,1.5954076869638811,1.6733246432660056,-0.07791695630212447
464,2017-11-03,258.45001220703125,70.05383038635891,1.633120861283544,1.6652838868695135,-0.03216302558596951
465,2017-11-06,258.8500061035156,71.40281600279718,1.6759655011534562,1.667420209726302,0.008545291427154211
466,2017-11-07,258.6700134277344,69.87739783336475,1.6760755269019683,1.6691512731614355,0.006924253740532738
467,2017-11-08,259.1099853515625,71.48123090867348,1.6921586290114021,1.6737527443314288,0.018405884679973283
468,2017-11-09,258.1700134277344,63.68030079363807,1.61049197572612,1.6611005906103673,-0.05060861488424728
469,2017-11-10,258.0899963378906,63.04950527116018,1.5217718159768765,1.6332348356836692,-0.11146301970679273
470,2017-11-13,258.3299865722656,64.19507560307137,1.4540641104713359,1.5974006906412026,-0.14333658016986672
471,2017-11-14,257.7300109863281,59.249562676286736,1.3365849313768763,1.5452375387883375,-0.2086526074114612
472,2017-11-15,256.44000244140625,50.28039751855963,1.1264044378318658,1.4614709185970434,-0.33506648076517753
473,2017-11-16,258.6199951171875,61.0193724656118,1.1227991428053201,1.393736563438699,-0.2709374206333788
474,2017-11-17,257.8599853515625,56.44229105570224,1.0465514899818231,1.3242995487473237,-0.27774805876550057
475,2017-11-20,258.29998779296875,58.38835189805608,1.009986697597185,1.261436978517296,-0.2514502809201111
476,2017-11-21,259.989990234375,64.8788375792872,1.104644257891266,1.23007843439209,-0.125434176500824
477,2017-11-22,259.760009765625,63.428937669100435,1.147871605253954,1.2136370685644629,-0.06576546331050892
478,2017-11-24,260.3599853515625,65.58943658839044,1.2165193275045567,1.2142135203524818,0.002305807152074957
479,2017-11-27,260.2300109863281,64.69774548339964,1.2460713619271928,1.2205850886674239,0.025486273259768932
480,2017-11-28,262.8699951171875,72.78953808369621,1.4656214464929462,1.2695923602325285,0.1960290862604177
481,2017-11-29,262.7099914550781,71.71659848543051,1.6081675574062047,1.3373073996672638,0.2708601577389409
482,2017-11-30,265.010009765625,76.97143531190507,1.884999531670644,1.44684582606794,0.43815370560270406
483,2017-12-01,264.4599914550781,73.45672376534125,2.0365330989091603,1.564783280636184,0.47174981827297624
484,2017-12-04,264.1400146484375,71.4137262750515,2.106522409476213,1.67313110640419,0.4333913030720229
485,2017-12-05,263.19000244140625,65.58176355779722,2.061566936459542,1.7508182724152606,0.31074866404428136
486,2017-12-06,263.239990234375,65.74030252626562,2.0068394019231164,1.8020224983168318,0.20481690360628457
487,2017-12-07,264.07000732421875,68.3474404353081,2.0073039287333927,1.8430787844001442,0.16422514433324853
488,2017-12-08,265.510009765625,72.28761340280592,2.0996646054207417,1.8943959486042639,0.20526865681647788
489,2017-12-11,266.30999755859375,74.20844295553553,2.2119158472170284,1.9578999283268168,0.2540159188902116
490,2017-12-12,266.7799987792969,75.29200244234733,2.3121479334984087,2.0287495293611353,0.28339840413727346
491,2017-12-13,266.75,75.075201590252,2.3619350166126196,2.0953866268114325,0.2665483898011871
492,2017-12-14,265.6600036621094,67.47285974689231,2.2870740773790317,2.1337241169249523,0.15334996045407934
493,2017-12-15,266.510009765625,70.02222450832664,2.270165576808324,2.1610124089016267,0.10915316790669749
494,2017-12-18,268.20001220703125,74.33007538119864,2.3658623528630187,2.2019823976939055,0.16387995516911325
495,2017-12-19,267.1700134277344,67.92364241523036,2.3317119203367724,2.227928302222479,0.10378361811429349
496,2017-12-20,267.0299987792969,67.07729494397356,2.2672144081363967,2.2357855234052626,0.031428884731134143
497,2017-12-21,267.5799865722656,68.72575643997999,2.234718638095046,2.235572146343219,-0.000853508248173096
498,2017-12-22,267.510009765625,68.25746180348634,2.1782099147341114,2.224099700021398,-0.0458897852872866
499,2017-12-26,267.19000244140625,66.04127884227995,2.083586143619243,2.195996988740967,-0.11241084512172383
500,2017-12-27,267.32000732421875,66.5169047513573,1.9960768988548239,2.1560129707637383,-0.15993607190891446
501,2017-12-28,267.8699951171875,68.52532026190178,1.9486418797592933,2.1145387525628494,-0.16589687280355614
502,2017-12-29,266.8599853515625,61.258393585602654,1.808700366346784,2.0533710753196366,-0.2446707089728526
503,2018-01-02,268.7699890136719,68.13933487755871,1.8308125739970365,2.0088593750551165,-0.17804680105808002
504,2018-01-03,270.4700012207031,72.7743486572414,1.9628865016458121,1.9996648003732556,-0.036778298727443426
505,2018-01-04,271.6099853515625,75.3626866554532,2.134933053671091,2.0267184510328224,0.10821460263826843
506,2018-01-05,273.4200134277344,78.80770739145409,2.389787343486148,2.0993322295234877,0.2904551139626603
507,2018-01-08,273.9200134277344,79.65404932036076,2.6021115039567917,2.1998880844101487,0.402223419546643
508,2018-01-09,274.5400085449219,80.68416129029082,2.7882669495261894,2.317563857433357,0.47070309209283234
509,2018-01-10,274.1199951171875,77.81006181279993,2.868834766497457,2.4278180392461772,0.44101672725127994
510,2018-01-11,276.1199951171875,81.23740714686852,3.0588085858738054,2.5540161485717032,0.5047924373021022
511,2018-01-12,277.9200134277344,83.68050126756937,3.31638145960693,2.7064892107787486,0.6098922488281815
512,2018-01-16,276.9700012207031,77.91415577768237,3.4046055981861514,2.8461124882602293,0.558493109925922
513,2018-01-17,279.6099853515625,81.69005388701937,3.645525174769034,3.0059950255619903,0.6395301492070438
514,2018-01-18,279.1400146484375,79.09752670437786,3.755244841930619,3.155844988835716,0.5993998530949027
515,2018-01-19,280.4100036621094,80.864789898385,3.89972239601758,3.304620470272089,0.595101925745491
516,2018-01-22,282.69000244140625,83.55324672542518,4.150356024536563,3.473767581124984,0.6765884434115792
517,2018-01-23,283.2900085449219,84.18304079002154,4.347287633206122,3.6484715915412123,0.6988160416649096
518,2018-01-24,283.17999267578125,83.5512754164009,4.4432608455006175,3.8074294423330937,0.6358314031675238
519,2018-01-25,283.29998779296875,83.69500455257868,4.477390342025501,3.9414216222715757,0.5359687197539253
520,2018-01-26,286.5799865722656,87.03092924172213,4.714757908967272,4.096088879610715,0.6186690293565569
521,2018-01-29,284.67999267578125,77.18027482112852,4.695433749911842,4.215957853670941,0.4794758962409018
522,2018-01-30,281.760009765625,65.00329416847163,4.393851413090545,4.251536565554861,0.14231484753568324
523,2018-01-31,281.8999938964844,65.2860557718491,4.1186633999448645,4.224961932432862,-0.10629853248799748
524,2018-02-01,281.5799865722656,64.01277057567304,3.830596270905062,4.146088800127302,-0.31549252922224014
525,2018-02-02,275.45001220703125,45.64724827727075,3.072248328465946,3.931320705795031,-0.8590723773290847
526,2018-02-05,263.92999267578125,28.87874706477733,1.5241137861307834,3.4498793218621815,-1.925765535731398
527,2018-02-06,269.1300048828125,39.65476821479049,0.7086348331683894,2.901630424123423,-2.1929955909550336
528,2018-02-07,267.6700134277344,37.91764346103063,-0.05481534386728981,2.3103412705252806,-2.3651566143925704
529,2018-02-08,257.6300048828125,28.62967934319738,-1.4532477557395396,1.5576234652723167,-3.0108712210118562
530,2018-02-09,261.5,35.21689618371987,-2.2236068980776054,0.8013773926023322,-3.024984290679938
531,2018-02-12,265.3399963378906,41.03258887304574,-2.495499886937239,0.14200193669441796,-2.637501823631657
532,2018-02-13,266.0,41.996406395303666,-2.6274328494716315,-0.41188502053879195,-2.2155478289328396
533,2018-02-14,269.5899963378906,47.06468629530432,-2.414475401717084,-0.8124030967744504,-1.6020723049426335
534,2018-02-15,273.0299987792969,51.443000833759655,-1.9456968601252242,-1.0390618494446053,-0.9066350106806189
535,2018-02-16,273.1099853515625,51.54336017009741,-1.5498663461602291,-1.14122274878773,-0.4086435973724991
536,2018-02-20,271.3999938964844,49.20209258271154,-1.3584900043288144,-1.184676199895947,-0.17381380443286742
537,2018-02-21,270.04998779296875,47.37259444826591,-1.3007627019854908,-1.2078935003138558,-0.09286920167163504
538,2018-02-22,270.3999938964844,47.913348035263624,-1.2127905371683596,-1.2088729076847566,-0.003917629483602969
539,2018-02-23,274.7099914550781,54.1596308561246,-0.7862280325700794,-1.1243439326618212,0.33811590009174175
540,2018-02-26,277.8999938964844,58.15903732418446,-0.1885936472305616,-0.9371938755755693,0.7486002283450077
541,2018-02-27,274.42999267578125,52.766095977502005,0.004978422221370238,-0.7487594160161815,0.7537378382375517
542,2018-02-28,271.6499938964844,48.857344927091766,-0.06518556755054306,-0.6120446463230538,0.5468590787725107
543,2018-03-01,267.70001220703125,43.883219927849886,-0.43451275336752815,-0.5765382677319487,0.14202551436442057
544,2018-03-02,269.0799865722656,45.953435382621045,-0.6088365221983736,-0.5829979186252338,-0.02583860357313983
545,2018-03-05,272.19000244140625,50.39489244440346,-0.4903842316107898,-0.564475181222345,0.07409094961155516
546,2018-03-06,272.8800048828125,51.35013080923322,-0.3369483763474932,-0.5189698202473747,0.1820214438998815
547,2018-03-07,272.7799987792969,51.19625013674238,-0.22087292676241077,-0.4593504415503819,0.23847751478797113
548,2018-03-08,274.1000061035156,53.19019819791201,-0.02211382299867637,-0.3719031178400408,0.34978929484136445
549,2018-03-09,278.8699951171875,59.61176806102641,0.514373075034996,-0.19464787926503346,0.7090209543000294
550,2018-03-12,278.5199890136719,58.97247981098713,0.900915051561185,0.024464706900210242,0.8764503446609748
551,2018-03-13,276.7200012207031,55.66623366619629,1.0499057214623804,0.22955290981264428,0.8203528116497361
552,2018-03-14,275.29998779296875,53.13532368939763,1.0413941412926988,0.3919211561086552,0.6494729851840436
553,2018-03-15,275.0,52.59132880123376,0.9989271346973396,0.5133223518263921,0.48560478287094755
554,2018-03-16,274.20001220703125,51.089207130645995,0.8904547883849432,0.5887488391381024,0.3017059492468408
555,2018-03-19,270.489990234375,44.711198739851596,0.4993655301973945,0.5708721773499608,-0.07150664715256627
556,2018-03-20,270.95001220703125,45.61776541377808,0.2239627014567418,0.501490282171317,-0.2775275807145752
557,2018-03-21,270.42999267578125,44.724997317250796,-0.035844066590357215,0.39402341241898214,-0.42986747900933936
558,2018-03-22,263.6700134277344,35.10658082021109,-0.7782455021798,0.1595696294992257,-0.9378151316790257
559,2018-03-23,258.04998779296875,29.438384909745608,-1.7993512872276938,-0.23221455384615822,-1.5671367333815356
560,2018-03-26,265.1099853515625,42.08796436326524,-2.015666825970243,-0.5889050082709751,-1.4267618176992678
561,2018-03-27,260.6000061035156,37.46720315499883,-2.521944674390795,-0.9755129414949392,-1.5464317328958561
562,2018-03-28,259.8299865722656,36.725826237163616,-2.9512870575620127,-1.370667764708354,-1.5806192928536587
563,2018-03-29,263.1499938964844,42.05012338198918,-2.9891896275440786,-1.694372137275499,-1.2948174902685796
564,2018-04-02,257.4700012207031,36.40593603006386,-3.4379253630334574,-2.0430827824270907,-1.3948425806063667
565,2018-04-03,260.7699890136719,41.332885582262136,-3.4870734188862116,-2.3318809097189153,-1.1551925091672963
566,2018-04-04,263.55999755859375,45.19861085762486,-3.263276217821101,-2.5181599713393523,-0.7451162464817487
567,2018-04-05,265.6400146484375,47.952112980471526,-2.8848209081920686,-2.591492158709896,-0.2933287494821726
568,2018-04-06,259.7200012207031,41.55278388004699,-3.027686669433649,-2.6787310608546466,-0.34895560857900243
569,2018-04-09,261.0,43.31424152792496,-3.0030068171355992,-2.743586212110837,-0.2594206050247623
570,2018-04-10,265.1499938964844,48.71124973043255,-2.618394806445963,-2.7185479309778624,0.10015312453189962
571,2018-04-11,263.760009765625,47.09394716381306,-2.398103277952032,-2.6544590003726967,0.25635572242066473
572,2018-04-12,265.92999267578125,49.89105016830318,-2.0250773379747784,-2.5285826678931134,0.503505329918335
573,2018-04-13,265.1499938964844,48.89047516397888,-1.7719648678171325,-2.3772591078779173,0.6052942400607848
574,2018-04-16,267.3299865722656,51.79998589933278,-1.3795614954909183,-2.1777195854005176,0.7981580899095992
575,2018-04-17,270.19000244140625,55.38810525660903,-0.8282520433324976,-1.9078260769869138,1.0795740336544162
576,2018-04-18,270.3900146484375,55.636827743837735,-0.3709202789058281,-1.6004449173706967,1.2295246384648686
577,2018-04-19,268.8900146484375,53.23955081320086,-0.12804302439593584,-1.3059645387757448,1.177921514379809
578,2018-04-20,266.6099853515625,49.731836647973076,-0.11817807631814503,-1.068407246284225,0.9502291699660799
579,2018-04-23,266.57000732421875,49.670042128571424,-0.11229150007585531,-0.877184097042551,0.7648925969666956
580,2018-04-24,262.9800109863281,44.341776392301135,-0.3927813091755752,-0.7803035394691558,0.38752223029358057
581,2018-04-25,263.6300048828125,45.48210593475886,-0.556210776879766,-0.7354849869512778,0.1792742100715119
582,2018-04-26,266.30999755859375,50.02816758739525,-0.4641266332594114,-0.6812133162129046,0.2170866829534932
583,2018-04-27,266.55999755859375,50.4433029102781,-0.36674872434588224,-0.6183203978395001,0.25157167349361786
584,2018-04-30,264.510009765625,46.9956907772043,-0.44980780797709485,-0.5846178798670191,0.13481007188992422
585,2018-05-01,264.9800109863281,47.87530213798914,-0.4722635988231332,-0.5621470236582419,0.0898834248351087
586,2018-05-02,263.20001220703125,44.840335599063074,-0.6264694504119461,-0.5750115090089827,-0.05145794140296345
587,2018-05-03,262.6199951171875,43.864533686100394,-0.7864159173661278,-0.6172923906804118,-0.16912352668571606
588,2018-05-04,266.0199890136719,50.64481380122483,-0.631543511785992,-0.6201426149015278,-0.011400896884464218
589,2018-05-07,266.9200134277344,52.287678091637005,-0.4312108360725233,-0.582356259135727,0.15114542306320367
590,2018-05-08,266.9200134277344,52.287678091637005,-0.2693409524101753,-0.5197531977906167,0.2504122453804414
591,2018-05-09,269.5,57.04157507922456,0.06636048873014033,-0.4025304604864653,0.4688909492166056
592,2018-05-10,272.0199890136719,61.11676191350617,0.52964295807908,-0.21609577677335623,0.7457387348524362
593,2018-05-11,272.8500061035156,62.382551675158034,0.952789926039884,0.017681363789291832,0.9351085622505921
594,2018-05-14,272.9800109863281,62.58798343424918,1.2838280833157114,0.27091070769457576,1.0129173756211356
595,2018-05-15,271.1000061035156,57.68224484809855,1.378586043996222,0.49244577495490505,0.886140269041317
596,2018-05-16,272.239990234375,59.742787710165764,1.5280551342389685,0.6995676468117178,0.8284874874272508
597,2018-05-17,272.010009765625,59.11739736839412,1.6094007927996472,0.8815342760093037,0.7278665167903435
598,2018-05-18,271.3299865722656,57.21036587476405,1.6005455321698037,1.0253365272414037,0.5752090049284
599,2018-05-21,273.3699951171875,61.248864477085675,1.7381035391667297,1.1678899296264689,0.5702136095402608
600,2018-05-22,272.6099853515625,59.01421273044594,1.7654418990812246,1.28740032351742,0.47804157556380455
601,2018-05-23,273.3599853515625,60.54406984302706,1.8265709058623543,1.395234439986407,0.4313364658759473
602,2018-05-24,272.79998779296875,58.77983851156958,1.8089762095681294,1.4779827939027514,0.330993415665378
603,2018-05-25,272.1499938964844,56.71406582727413,1.7227247126429006,1.5269311776507815,0.19579353499211916
604,2018-05-29,269.0199890136719,47.97117734172509,1.3858295638573281,1.4987108548920909,-0.11288129103476274
605,2018-05-30,272.6099853515625,56.29348889686512,1.3924689179583538,1.4774624675053436,-0.08499354954698979
606,2018-05-31,270.94000244140625,52.117260380864565,1.2485840895298566,1.4316867919102463,-0.18310270238038973
607,2018-06-01,273.6000061035156,57.522775779129056,1.3338189566611618,1.4121132248604296,-0.07829426819926777
608,2018-06-04,274.8999938964844,59.90503843446791,1.4891009248594287,1.4275107648602294,0.06159015999919926
609,2018-06-05,275.1000061035156,60.27419292368113,1.6097461651784215,1.463957844923868,0.14578832025455357
610,2018-06-06,277.3999938964844,64.34005577086162,1.8693989134123967,1.5450460586215737,0.324352854790823
611,2018-06-07,277.3699951171875,64.24769229596899,2.0491337974305566,1.6458636063833705,0.4032701910471861
612,2018-06-08,278.19000244140625,65.69728552224292,2.2320134640784772,1.763093577922392,0.46891988615608526
613,2018-06-11,278.55999755859375,66.36005169758465,2.3793744833180313,1.88634975900152,0.49302472431651134
614,2018-06-12,278.9200134277344,67.02761513600316,2.4964321092256228,2.0083662290463407,0.4880658801792821
615,2018-06-13,278.0299987792969,63.66411004610198,2.488696236095791,2.104432230456231,0.38426400563955987
616,2018-06-14,278.7300109863281,65.14556847048905,2.510115585787503,2.1855689015224855,0.3245466842650173
617,2018-06-15,277.1300048828125,59.2039462967624,2.370656007222351,2.2225863226624587,0.14806968455989233
618,2018-06-18,276.55999755859375,57.2023454768972,2.1889061120302244,2.215850280536012,-0.026944168505787403
619,2018-06-19,275.5,53.574928145151695,1.9370064616980471,2.160081516768419,-0.22307505507037195
620,2018-06-20,275.9700012207031,54.93938438613807,1.7550680129560874,2.079078816005953,-0.3240108030498656
621,2018-06-21,274.239990234375,49.20660785045416,1.454516294799248,1.9541663117646122,-0.49965001696536415
622,2018-06-22,274.739990234375,50.80437516329276,1.242351657556128,1.8118033809229155,-0.5694517233667875
623,2018-06-25,271.0,40.53353552451783,0.763621149195501,1.6021669345774328,-0.8385457853819318
624,2018-06-26,271.6000061035156,42.54048604523055,0.42770888851885047,1.3672753253657164,-0.9395664368468659
625,2018-06-27,269.3500061035156,37.43792871337308,-0.01983158794882911,1.0898539427028073,-1.1096855306516364
626,2018-06-28,270.8900146484375,42.51985752686041,-0.24739302788901796,0.8224045485844423,-1.0697975764734604
627,2018-06-29,271.2799987792969,43.76559927142394,-0.39175276637320167,0.5795730855929135,-0.9713258519661152
628,2018-07-02,271.8599853515625,45.65206498570641,-0.45412397148493255,0.3728336741773443,-0.8269576456622769
629,2018-07-03,270.8999938964844,43.07622660609417,-0.574395613256911,0.18338781669049325,-0.7577834299474042
630,2018-07-05,273.1099853515625,50.06175650899713,-0.4857840984195718,0.04955343366848022,-0.535337532088052
631,2018-07-06,275.4200134277344,56.122904565707,-0.22654737731767227,-0.0056667285287502756,-0.220880648788922
632,2018-07-09,277.8999938964844,61.522314009598155,0.1769732521333367,0.03086126760366712,0.1461119845296696
633,2018-07-10,278.8999938964844,63.47415777998556,0.5708771840150462,0.13886445088594293,0.43201273312910327
634,2018-07-11,276.8599853515625,57.10968357569076,0.7102499283842576,0.2531415463856059,0.4571083819986517
635,2018-07-12,279.3699951171875,62.139785259862286,1.011579781448404,0.4048291933981655,0.6067505880502385
636,2018-07-13,279.5899963378906,62.554313076444814,1.2536864043730134,0.574600635593135,0.6790857687798784
637,2018-07-16,279.3399963378906,61.72723401887071,1.4091410359592373,0.7415087156663556,0.6676323202928818
638,2018-07-17,280.4700012207031,64.04151529600516,1.6050202275863512,0.9142110180503548,0.6908092095359964
639,2018-07-18,281.05999755859375,65.22390538298589,1.7872612368400382,1.0888210618082916,0.6984401750317466
640,2018-07-19,280.0,61.322513486544025,1.8251167951214597,1.2360802084709253,0.5890365866505345
641,2018-07-20,279.67999267578125,60.152723735115146,1.8084490067134311,1.3505539681194265,0.4578950385940046
642,2018-07-23,280.20001220703125,61.439992969009566,1.8162641321719661,1.4436960009299344,0.3725681312420317
643,2018-07-24,281.6099853515625,64.76379917265447,1.914165417127208,1.5377898841693893,0.37637553295781867
644,2018-07-25,284.010009765625,69.57179828093587,2.1605097911668736,1.6623338655688862,0.4981759255979874
645,2018-07-26,283.3399963378906,66.8302195630689,2.275445083815555,1.78495610921822,0.49048897459733487
646,2018-07-27,281.4200134277344,59.58423508425223,2.186402074296268,1.8652453022338298,0.3211567720624382
647,2018-07-30,279.95001220703125,54.6946255374995,1.9744577150522105,1.887087784797506,0.08736993025470441
648,2018-07-31,281.3299865722656,58.165326548628684,1.895986924665408,1.8888676127710866,0.007119311894321356
649,2018-08-01,280.8599853515625,56.57564674873198,1.775407297216077,1.866175549660085,-0.09076825244400788
650,2018-08-02,282.3900146484375,60.37253025292342,1.7827571364612709,1.8494918670203222,-0.06673473055905133
651,2018-08-03,283.6000061035156,63.11893538751776,1.8647227717569308,1.852538047967644,0.0121847237892867
652,2018-08-06,284.6400146484375,65.34228362343458,1.9906541047400879,1.880161259322133,0.11049284541795479
653,2018-08-07,285.5799865722656,67.26317687485948,2.141616252941219,1.9324522580459504,0.2091639948952686
654,2018-08-08,285.4599914550781,66.75452880835341,2.225913296993383,1.9911444658354371,0.2347688311579459
655,2018-08-09,285.07000732421875,65.03327971880026,2.2354816111309788,2.0400118948945454,0.1954697162364334
656,2018-08-10,283.1600036621094,57.24766805934256,2.065137615131732,2.0450370389419827,0.020100576189749475
657,2018-08-13,282.1000061035156,53.42507908224359,1.8235846778070481,2.0007465667149957,-0.1771618889079476
658,2018-08-14,283.8999938964844,58.49342323929668,1.757140979025337,1.952025449177064,-0.19488447015172716
659,2018-08-15,281.7799987792969,51.39897802664469,1.515943131839208,1.864808985709493,-0.3488658538702849
660,2018-08-16,284.05999755859375,57.38524200690783,1.491574998838587,1.7901621883353118,-0.2985871894967249
661,2018-08-17,285.05999755859375,59.7281850660501,1.5352572308313484,1.7391811968345192,-0.20392396600317086
662,2018-08-20,285.6700134277344,61.132030760323985,1.600647627442811,1.7114744829561777,-0.11082685551336668
663,2018-08-21,286.3399963378906,62.671142480546045,1.6870843512113538,1.7065964566072132,-0.019512105395859347
664,2018-08-22,286.1700134277344,62.00033400264187,1.7220195083257295,1.7096810669509166,0.01233844137481288
665,2018-08-23,285.7900085449219,60.44277703199228,1.699452424150195,1.7076353383907723,-0.008182914240577377
666,2018-08-24,287.510009765625,64.75827867069904,1.7996127555883845,1.7260308218302949,0.07358193375808963
667,2018-08-27,289.7799987792969,69.48913438903595,2.038659286944437,1.7885565148531235,0.2501027720913136
668,2018-08-28,289.9200134277344,69.75879412043219,2.2138831306235716,1.8736218380072132,0.3402612926163584
669,2018-08-29,291.4800109863281,72.6582892339978,2.450381581136071,1.9889737866329849,0.4614077945030861
670,2018-08-30,290.29998779296875,67.39449383210749,2.513614909205387,2.093902011147465,0.4197128980579219
671,2018-08-31,290.30999755859375,67.41605813896678,2.5353100061277587,2.182183610143524,0.3531263959842348
672,2018-09-04,289.80999755859375,65.09996463645692,2.483529127578265,2.242452713630472,0.241076413947793
673,2018-09-05,289.0299987792969,61.5476392893765,2.3524356121032497,2.2644492933250278,0.08798631877822194
674,2018-09-06,288.1600036621094,57.761651904586834,2.1535173144243913,2.242262897544901,-0.08874558312050951
675,2018-09-07,287.6000061035156,55.39939677684959,1.9284559675297146,2.1795015115418637,-0.25104554401214907
676,2018-09-10,288.1000061035156,57.086903840119675,1.7700351861446961,2.09760824646243,-0.32757306031773403
677,2018-09-11,289.04998779296875,60.17038229484113,1.7015270142906616,2.0183920000280766,-0.31686498573741506
678,2018-09-12,289.1199951171875,60.39622216294034,1.6340465292795443,1.9415229058783703,-0.307476376598826
679,2018-09-13,290.8299865722656,65.53652477809868,1.6989651653109377,1.893011357764884,-0.19404619245394628
680,2018-09-14,290.8800048828125,65.67685747676573,1.7344559828114825,1.8613002827742038,-0.12684429996272129
681,2018-09-17,289.3399963378906,57.86436209769209,1.6196466142177428,1.8129695490629119,-0.19332293484516905
682,2018-09-18,290.9100036621094,62.731588244580415,1.6364814924455686,1.7776719377394432,-0.1411904452938746
683,2018-09-19,291.2200012207031,63.62504933421387,1.655751000090902,1.753287750209735,-0.09753675011883312
684,2018-09-20,293.5799865722656,69.60011194041563,1.8402401751503135,1.770678235197851,0.06956193995246251
685,2018-09-21,291.989990234375,62.18836342328048,1.8369742634118325,1.7839374408406474,0.05303682257118503
686,2018-09-24,291.0199890136719,58.12194804512169,1.7361023062568393,1.7743704139238858,-0.03826810766704658
687,2018-09-25,290.75,57.004644068655374,1.6157493437910944,1.7426461998973275,-0.12689685610623314
688,2018-09-26,289.8800048828125,53.43971631631839,1.4336412944050494,1.6808452187988718,-0.24720392439382244
689,2018-09-27,290.69000244140625,56.18694974404871,1.3392414450655679,1.6125244640522112,-0.2732830189866433
690,2018-09-28,290.7200012207031,56.28981463006178,1.2524125033894506,1.5405020719196592,-0.2880895685302085
691,2018-10-01,291.7300109863281,59.718851665772945,1.2506822027143016,1.4825380980785878,-0.2318558953642862
692,2018-10-02,291.55999755859375,58.881494605012016,1.2215114406827183,1.430332766599414,-0.20882132591669578
693,2018-10-03,291.7200012207031,59.45764987830451,1.197500321644668,1.383766277608465,-0.18626595596379691
694,2018-10-04,289.44000244140625,48.93527781129464,0.9831612195297339,1.303645265992719,-0.320484046462985
695,2018-10-05,287.82000732421875,43.09898903417185,0.6747972273901155,1.1778756582721983,-0.5030784308820828
696,2018-10-08,287.82000732421875,43.09898903417186,0.4255115101595379,1.0274028286496661,-0.6018913184901282
697,2018-10-09,287.3999938964844,41.60688616644861,0.19184770886147362,0.8602918046920276,-0.668444095830554
698,2018-10-10,278.29998779296875,23.015416732189195,-0.7193349324230098,0.5443664572690202,-1.26370138969203
699,2018-10-11,272.1700134277344,17.38123558179568,-1.9140277211697025,0.05268762158127566,-1.9667153427509783
700,2018-10-12,275.95001220703125,28.934128187015972,-2.526689943962708,-0.46318789152752116,-2.063502052435187
701,2018-10-15,274.3999938964844,27.251338903742692,-3.101549955893063,-0.9908603044006296,-2.110689651492433
702,2018-10-16,280.3999938964844,41.44731492404917,-3.0379610768539465,-1.400280458891293,-1.6376806179626535
703,2018-10-17,280.45001220703125,41.54971242464571,-2.949530026316893,-1.7101303723764127,-1.2393996539404801
704,2018-10-18,276.3999938964844,36.051972149334325,-3.1697119456683254,-2.0020466870347953,-1.16766525863353
705,2018-10-19,276.25,35.86271137977157,-3.3180623990601816,-2.2652498294398726,-1.052812569620309
706,2018-10-22,275.010009765625,34.26143434043564,-3.495395309741184,-2.511278925500135,-0.984116384241049
707,2018-10-23,273.6099853515625,32.49714199086961,-3.7061806453311874,-2.7502592694663455,-0.9559213758648419
708,2018-10-24,265.32000732421875,24.463867873139606,-4.490398962913844,-3.0982872081558455,-1.3921117547579982
709,2018-10-25,270.0799865722656,34.47915234017131,-4.673928941655333,-3.413415554855743,-1.2605133867995901
710,2018-10-26,265.3299865722656,30.17897587486145,-5.14337346697522,-3.7594071372796387,-1.383966329695581
711,2018-10-29,263.8599853515625,28.974616324988858,-5.5698229962480355,-4.121490309073319,-1.4483326871747169
712,2018-10-30,267.7699890136719,36.260834752110334,-5.528552984926023,-4.40290284424386,-1.125650140682163
713,2018-10-31,270.6300048828125,41.02647898631212,-5.2050660635893,-4.563335488112948,-0.6417305754763518
714,2018-11-01,273.510009765625,45.449541866745825,-4.662560923017509,-4.58318057509386,-0.07938034792364856
715,2018-11-02,271.8900146484375,43.4743716252446,-4.313617065273718,-4.529267873129832,0.21565080785611457
716,2018-11-05,273.3900146484375,45.822159995922924,-3.871411854046812,-4.397696669313229,0.5262848152664166
717,2018-11-06,275.1199951171875,48.47997202496927,-3.3428319861591262,-4.186723732682409,0.8438917465232825
718,2018-11-07,281.010009765625,56.33420541059916,-2.4207487902331764,-3.8335287441925625,1.4127799539593862
719,2018-11-08,280.5,55.54458881313933,-1.711416594782861,-3.4091063143106224,1.6976897195277614
720,2018-11-09,277.760009765625,51.37803680410216,-1.3547433937416145,-2.998233730196821,1.6434903364552067
721,2018-11-12,272.57000732421875,44.55967154435353,-1.473877195730438,-2.6933624233035447,1.2194852275731067
722,2018-11-13,272.05999755859375,43.94253189835082,-1.5911038629711811,-2.472910711237072,0.881806848265891
723,2018-11-14,270.20001220703125,41.67559718360539,-1.8131907800169529,-2.340966724993048,0.5277759449760953
724,2018-11-15,273.0199890136719,46.20668944027836,-1.7415719437821053,-2.2210877687508597,0.47951582496875433
725,2018-11-16,273.7300109863281,47.316473237501725,-1.608973416790434,-2.098664898358775,0.48969148156834086
726,2018-11-19,269.1000061035156,41.32881017987998,-1.8560949214311222,-2.0501509029732445,0.19405598154212234
727,2018-11-20,264.1199951171875,36.04525100319916,-2.42582239068372,-2.1252852005153398,-0.30053719016838043
728,2018-11-21,265.0199890136719,37.59787745948646,-2.7727509815103986,-2.254778356714352,-0.5179726247960468
729,2018-11-23,263.25,35.759231748249334,-3.15415853402925,-2.4346543921773316,-0.7195041418519184
730,2018-11-26,267.5,42.97087855575011,-3.0780059494325656,-2.5633247036283784,-0.5146812458041872
731,2018-11-27,268.3999938964844,44.394443330840815,-2.911470867770504,-2.6329539364568038,-0.27851693131370014
732,2018-11-28,274.5799865722656,53.059330487696876,-2.2548246402775476,-2.557328077220953,0.3025034369434052
733,2018-11-29,273.9800109863281,52.20874441233462,-1.7625235157321981,-2.3983671649232017,0.6358436491910036
734,2018-11-30,275.6499938964844,54.399958794742034,-1.2235137584750078,-2.163396483633563,0.9398827251585553
735,2018-12-03,279.29998779296875,58.84174986113645,-0.4961018855941006,-1.8299375640256705,1.33383567843157
736,2018-12-04,270.25,46.696249072757404,-0.642475063994425,-1.5924450640194217,0.9499700000249967
737,2018-12-06,269.8399963378906,46.23067954217316,-0.782540096311152,-1.4304640704777678,0.6479239741666158
738,2018-12-07,263.57000732421875,39.71034420154119,-1.3835298851562925,-1.421077233413473,0.037547348257180424
739,2018-12-10,264.07000732421875,40.431853035924306,-1.7987380686087135,-1.4966094004525212,-0.3021286681561923
740,2018-12-11,264.1300048828125,40.523832332375726,-2.0987590558860916,-1.6170393315392353,-0.4817197243468563
741,2018-12-12,265.4599914550781,42.63827802073503,-2.2038049568954534,-1.734392456610479,-0.4694125002849745
742,2018-12-13,265.3699951171875,42.5281008006003,-2.2681704851317477,-1.8411480623147327,-0.42702242281701497
743,2018-12-14,260.4700012207031,36.93239346550587,-2.6836339250919536,-2.009645234870177,-0.6739886902217767
744,2018-12-17,255.36000061035156,32.177494201924816,-3.386192122751595,-2.2849546124464606,-1.1012375103051344
745,2018-12-18,255.0800018310547,31.93487844480127,-3.920376458038504,-2.6120389815648695,-1.3083374764736346
746,2018-12-19,251.25999450683594,28.749970216212418,-4.59895022285292,-3.00942122982248,-1.5895289930304406
747,2018-12-20,247.1699981689453,25.784866129746078,-5.40445415987142,-3.488427815832268,-1.9160263440391523
748,2018-12-21,240.6999969482422,21.931524666180763,-6.490083220328074,-4.08875889673143,-2.4013243235966444
749,2018-12-24,234.33999633789062,18.935848506360486,-7.774036712732936,-4.825814459931731,-2.948222252801205
750,2018-12-26,246.17999267578125,36.362635347790516,-7.746889037802646,-5.410029375505914,-2.3368596622967317
751,2018-12-27,248.07000732421875,38.630611880465096,-7.486565456853128,-5.825336591775358,-1.6612288650777707
752,2018-12-28,247.75,38.38119588380713,-7.222818899843418,-6.10483305338897,-1.1179858464544479
753,2018-12-31,249.9199981689453,41.15567484533093,-6.760763265918882,-6.236019095894953,-0.5247441700239293
754,2019-01-02,250.17999267578125,41.49557111870794,-6.300967828356676,-6.249008842387298,-0.05195898596937809
755,2019-01-03,244.2100067138672,36.309317790794005,-6.3451615328881985,-6.268239380487478,-0.0769221524007202
756,2019-01-04,252.38999938964844,46.2264282902567,-5.654941668764934,-6.14557983814297,0.4906381693780357
757,2019-01-07,254.3800048828125,48.3340828785328,-4.8909804633018155,-5.89465996317474,1.0036794998729244
758,2019-01-08,256.7699890136719,50.826862574625956,-4.046043685468163,-5.524936707633424,1.478893022165261
759,2019-01-09,257.9700012207031,52.07711593993074,-3.2422199520122774,-5.068393356509195,1.8261734044969176
760,2019-01-10,258.8800048828125,53.05194810157973,-2.5029022624183312,-4.555295137691022,2.052392875272691
761,2019-01-11,258.9800109863281,53.164701138479245,-1.8871639587532627,-4.02166890190347,2.1345049431502074
762,2019-01-14,257.3999938964844,51.07751864043381,-1.509283016225396,-3.5191917247678552,2.009908708542459
763,2019-01-15,260.3500061035156,54.656800665505536,-0.9606940331571536,-3.0074921864457154,2.0467981532885617
764,2019-01-16,260.9800109863281,55.40713973162971,-0.4696829699231557,-2.4999303431412034,2.0302473732180477
765,2019-01-17,262.9599914550781,57.77221710252479,0.07831197991743011,-1.9842818785294767,2.062593858446907
766,2019-01-18,266.4599914550781,61.64476252587045,0.7859625875712482,-1.4302329853093319,2.2161955728805802
767,2019-01-22,262.8599853515625,55.960196116982786,1.0442528891555298,-0.9353358104163595,1.9795886995718894
768,2019-01-23,263.4100036621094,56.61840728568536,1.278592872273407,-0.49255007387840616,1.7711429461518131
769,2019-01-24,263.54998779296875,56.79539221172279,1.4587885404567942,-0.10228235101136607,1.5610708914681601
770,2019-01-25,265.7799987792969,59.621531177797614,1.7612357262282785,0.27042126443656284,1.4908144617917156
771,2019-01-28,263.760009765625,56.04527099293007,1.8169859849161298,0.5797342085324763,1.2372517763836535
772,2019-01-29,263.4100036621094,55.42491312145391,1.8120378547197333,0.8261949377699278,0.9858429169498055
773,2019-01-30,267.5799865722656,60.96817640925295,2.1201593198521778,1.0849878141863778,1.0351715056658
774,2019-01-31,269.92999267578125,63.70730209604051,2.524868540736634,1.372963959496429,1.151904581240205
775,2019-02-01,270.05999755859375,63.85840603240463,2.8235457438677827,1.6630803163706998,1.160465427497083
776,2019-02-04,271.9599914550781,66.08108001016805,3.1769414047998907,1.965852534056538,1.2110888707433527
777,2019-02-05,273.1000061035156,67.37745088532628,3.5085552261485304,2.2743930724749366,1.2341621536735938
778,2019-02-06,272.739990234375,66.51290300691423,3.6996638746680333,2.559447232913556,1.1402166417544772
779,2019-02-07,270.1400146484375,60.47757155353995,3.599826001271822,2.767522986585209,0.8323030146866128
780,2019-02-08,270.4700012207031,60.961740961942155,3.5069055022245266,2.9153994897130726,0.591506012511454
781,2019-02-11,270.6199951171875,61.194448039142635,3.4061051314400856,3.0135406180584754,0.39256451338161025
782,2019-02-12,274.1000061035156,66.22490502748849,3.5659221830802608,3.1240169310628327,0.44190525201742803
783,2019-02-13,274.989990234375,67.38919569524052,3.7214935680739814,3.2435122584650626,0.4779813096089187
784,2019-02-14,274.3800048828125,65.71708526145953,3.752309997581733,3.345271806288397,0.4070381912933363
785,2019-02-15,277.3699951171875,69.68746453716508,3.9722102958347705,3.4706595041976716,0.5015507916370989
786,2019-02-19,277.8500061035156,70.28248625833209,4.137520975189204,3.604031798395978,0.5334891767932262
787,2019-02-20,278.4100036621094,70.9977430515721,4.264558822945219,3.7361372033058267,0.528421619639392
788,2019-02-21,277.4200134277344,67.88699002233938,4.236517359351524,3.8362132345149664,0.4003041248365573
789,2019-02-22,279.1400146484375,70.32012180530228,4.3034762261721085,3.9296658328463954,0.3738103933257131
790,2019-02-25,279.5199890136719,70.84565259858813,4.337205758073878,4.011173817891892,0.326031940181986
791,2019-02-26,279.32000732421875,70.14171678053187,4.298252227977059,4.068589499908926,0.22966272806813315
792,2019-02-27,279.20001220703125,69.6942356336063,4.209177889031764,4.096707177733494,0.11247071129827013
793,2019-02-28,278.67999267578125,67.67914772617337,4.049939422817886,4.087353626750373,-0.037414203932486956
794,2019-03-01,280.4200134277344,70.72884322627593,4.0178318591558195,4.073449273231462,-0.05561741407564291
795,2019-03-04,279.3999938964844,66.75253379527288,3.865520023490035,4.031863423283177,-0.16634339979314205
796,2019-03-05,279.0199890136719,65.2801198107641,3.6718220986444408,3.9598551583554302,-0.28803305971098947
797,2019-03-06,277.3299865722656,59.04261880394792,3.34340532916724,3.836565192517792,-0.4931598633505523
798,2019-03-07,275.010009765625,51.734716187972765,2.86292788327313,3.64183773066886,-0.7789098473957297
799,2019-03-08,274.4599914550781,50.149912381067985,2.409983376579987,3.3954668598510853,-0.9854834832710981
800,2019-03-11,278.44000244140625,59.75671139053354,2.3451418801989234,3.1854018639206534,-0.8402599837217299
801,2019-03-12,279.489990234375,61.84572216078951,2.351374584408461,3.0185964080182153,-0.6672218236097542
802,2019-03-13,281.3399963378906,65.26681901547158,2.4770403001304544,2.9102851864406634,-0.43324488631020897
803,2019-03-14,281.1600036621094,64.65935597191144,2.5329095756322886,2.834810064278989,-0.30190048864670027
804,2019-03-15,281.30999755859375,64.95210321494284,2.5597820587150295,2.7798044631661973,-0.22002240445116783
805,2019-03-18,282.3299865722656,66.95661874640922,2.633031337905095,2.750449838113977,-0.11741850020888212
806,2019-03-19,282.3999938964844,67.09572047225225,2.665998949026971,2.7335596602965757,-0.06756071126960483
807,2019-03-20,281.54998779296875,63.59517706855687,2.5936397648786738,2.7055756812129954,-0.11193591633432165
808,2019-03-21,284.7300109863281,69.91835201373719,2.7610680119264543,2.7166741473556875,0.04439386457076688
809,2019-03-22,279.25,52.874778422805704,2.4236269528759067,2.6580647084597313,-0.23443775558382463
810,2019-03-25,279.0400085449219,52.34818433733127,2.1148789192787945,2.549427550623544,-0.43454863134474975
811,2019-03-26,281.1199951171875,56.92436057111577,2.0148059822620326,2.442503236951242,-0.4276972546892095
812,2019-03-27,279.6499938964844,53.047085077579375,1.7961754529504788,2.3132376801510897,-0.5170622272006109
813,2019-03-28,280.7099914550781,55.405816893118775,1.6889727015777112,2.1883846844364143,-0.49941198285870314
814,2019-03-29,282.4800109863281,59.10061459396883,1.7269325290454276,2.096094253358217,-0.3691617243127894
815,2019-04-01,285.8299865722656,65.00956168713728,2.0042275115060875,2.077720904987791,-0.0734933934817037
816,2019-04-02,285.9700012207031,65.2356323301596,2.2098104752864174,2.1041388190475163,0.10567165623890107
817,2019-04-03,286.4200134277344,65.9960627753197,2.381595133221822,2.1596300818823773,0.22196505133944466
818,2019-04-04,287.17999267578125,67.29705340737317,2.549668692608293,2.2376378040275604,0.3120308885807326
819,2019-04-05,288.57000732421875,69.5888699448029,2.7631785621726976,2.342745955656588,0.4204326065161097
820,2019-04-08,288.7900085449219,69.9478406789922,2.9165191150536316,2.4575005875359968,0.45901852751763483
821,2019-04-09,287.30999755859375,64.437368510685,2.885357485323823,2.543071967093562,0.3422855182302609
822,2019-04-10,288.2900085449219,66.32893677805231,2.906239050851468,2.6157053838451434,0.29053366700632477
823,2019-04-11,288.2099914550781,66.0201624322993,2.883096588746298,2.6691836248253744,0.21391296392092363
